指标名称,中国:CPI:当月同比,中国:CPI:食品:当月同比,中国:CPI:非食品:当月同比,中国:CPI:服务:当月同比,中国:CPI:消费品:当月同比,中国:CPI:居住:当月同比,中国:CPI:衣着:当月同比,中国:CPI:医疗保健:当月同比,中国:CPI:交通和通信:当月同比,中国:CPI:教育文化和娱乐:当月同比,中国:PPI:当月同比,中国:城镇调查失业率,中国:房屋竣工面积:累计同比,中国:房屋新开工面积:累计同比,中国:工业增加值:规模以上工业企业:当月同比(1-2月拆分),中国:工业增加值:规模以上工业企业:累计同比,中国:工业增加值:规模以上工业企业:制造业:当月同比,中国:工业增加值:规模以上工业企业:汽车制造业:当月同比,中国:工业增加值:规模以上工业企业:高技术产业:当月同比,中国:工业增加值:规模以上工业企业:通用设备制造业:当月同比,中国:零售业景气指数(CRPI),中国:商品房销售面积:累计同比,中国:商品房销售面积:累计值,中国:商品房销售额:累计同比,中国:商品房销售额:累计值,中国:商品零售额:限额以上单位:汽车类:当月同比(1-2月合并),中国:销量:汽车,中国:销量:新能源汽车,中国:社会消费品零售总额:当月同比(1-2月合并),中国:社会消费品零售总额:累计同比,中国:社会消费品零售总额:当月值,中国:社会消费品零售总额:累计值,中国:社会消费品零售总额:餐饮收入:当月同比(1-2月合并),中国:商品零售额:限额以上单位:汽车类:当月同比(1-2月合并),中国:社会消费品零售总额:商品零售:累计同比,中国:社会消费品零售总额:商品零售:当月同比(1-2月合并),中国:社会消费品零售总额:商品零售:当月值,中国:社会消费品零售总额:城镇:当月值,中国:社会消费品零售总额:乡村:当月值,中国:商品零售额:限额以上单位:金银珠宝类:当月同比(1-2月合并),中国:商品零售额:限额以上单位:通讯器材类:当月同比(1-2月合并),中国:商品零售额:限额以上单位:建筑及装潢材料类:当月同比(1-2月合并),中国:商品零售额:限额以上单位:家用电器和音像器材类:当月同比(1-2月合并),中国:商品零售额:限额以上单位:家具类:当月同比(1-2月合并),中国:商品零售额:限额以上单位:汽车类:当月值,中国:商品零售额:限额以上单位:金银珠宝类:当月值,中国:消费者信心指数,中国:消费者信心指数:收入,中国:消费者信心指数:满意,中国:消费者信心指数:就业,中国:消费者信心指数:消费意愿,中国:银行间债券质押式回购加权平均利率:14天:当月值,中国:中国建材家居景气指数(BHI),中国中小企业发展指数,中国:制造业PMI,中国:M1:同比,中国:M2:同比,中国:社会融资规模:当月值,中国:制造业PMI:产成品库存
频率,月,月,月,月,月,月,月,月,月,月,月,月,月,月,月,月,月,月,月,月,月,月,月,月,月,月,月,月,月,月,月,月,月,月,月,月,月,月,月,月,月,月,月,月,月,月,月,月,月,月,月,月,月,月,月,月,月,月,月
单位,%,%,%,%,%,%,%,%,%,%,%,%,%,%,%,%,%,%,%,%,%,%,亿平方米,%,亿元,%,百万辆,百万辆,%,%,亿元,亿元,%,%,%,%,亿元,亿元,亿元,%,%,%,%,%,亿元,亿元,,,,,,%,,,%,%,%,亿元,%
2019/1/31,1.7,1.9,1.7,2.4,1.3,2.1,1.6,2.7,-1.3,2.9,0.1,5.1,-7.8,17.2,6.797753,6.797753,5.5,-4.1,10.4,6.5,,1.3,17.16543616,12.2,149972.7374,-8.5,2.367278,0.095696,8.160814,8.981749,35893.49834,380986.8522,9.023106,-8.5,8.921004,8.04076,31471.93529,30328.8673,5564.631036,2.3,-0.9,8.632473,13.9,12.673654,4267.54733,275.66264,123.69999999999999,121.3,118.4,127.6,114.6,3.0352,73.99,93,49.5,0.4,8.4,46791.13927,47.1
2019/2/28,1.5,0.7,1.7,2.1,1.1,2.2,2,2.8,-1.2,2.4,0.1,5.3,-11.9,6,3.360717,5.3,5.5,-4.1,10.4,6.5,,-3.6,1.4102145,2.8,12803.3432,-2.8,1.481602,0.052867,8.2,8.2,35893.49834,66064,9.7,-2.8,8,8,31471.93529,30328.8673,5564.631036,4.4,8.2,6.6,3.3,0.7,4267.54733,275.66264,126,124.7,120.99999999999999,128.8,117.2,2.7003,77.39,93,49.2,2,8,9665.126685,46.4
2019/3/31,2.3,4.1,1.8,2,2.4,2.1,2,2.7,0.1,2.4,0.4,5.2,-10.8,11.9,8.5,6.5,9,2.6,10,14.1,,-0.9,2.9828941,5.6,27038.7693,-4.4,2.520013,0.125631,8.7,8.3,31725.7,97789.7,9.5,-4.4,8.2,8.6,28332.8,27191.8,4533.9,-1.2,13.8,10.8,15.2,12.8,3179.2,218.2,124.1,122.4,119.39999999999999,127.9,114.1,3.1771,104.91,93.1,50.5,4.6,8.6,29602.33653,47
2019/4/30,2.5,6.1,1.7,2,2.9,2,1.8,2.6,-0.5,2.5,0.9,5,-10.3,13.1,5.4,6.2,5.3,-1.1,11.2,2,,-0.3,4.20854519,8.1,39140.8727,-2.1,1.980497,0.096771,7.2,8,30586.1,128375.8,8.5,-2.1,7.9,7,27305.3,26259,4327.1,0.4,2.1,-0.3,3.2,4.2,3053.9,185.5,125.3,123.4,120.30000000000001,129.2,115.5,3.0744,101.69,93.1,50.1,2.9,8.5,16709.53817,46.5
2019/5/31,2.7,7.7,1.6,1.9,3.2,1.8,1.7,2.5,-0.9,2.6,0.6,5,-12.4,10.5,5,6,5,-4.7,9.4,2.5,,-1.6,5.55180532,6.1,51772.8294,2.1,1.912565,0.104422,8.6,8.1,32955.7,161331.6,9.4,2.1,8,8.5,29324.4,28303.9,4651.8,4.7,6.7,-1.1,5.8,6.1,3222.8,220.1,123.39999999999999,121.7,119.10000000000001,127,114.3,2.8271,113.25,93.1,49.4,3.4,8.5,17123.72928,48.1
2019/6/30,2.7,8.3,1.4,1.8,3.2,1.6,1.8,2.5,-1.9,2.4,0,5.1,-12.7,10.1,6.3,6,6.2,-2.5,9.6,2.6,,-1.8,7.57855907,5.6,70698.0586,17.2,2.056446,0.152062,9.8,8.4,33878.1,195209.7,9.5,17.2,8.3,9.9,30154.8,28959,4919.2,7.8,5.9,1.1,7.7,8.3,3668.8,217.9,125.9,122.9,120.60000000000001,131,115,3.0141,101.54,92.8,49.4,4.4,8.5,26243.30201,48.1
2019/7/31,2.8,9.1,1.3,1.8,3.4,1.5,1.8,2.6,-2.1,2.3,-0.3,5.3,-11.3,9.5,4.8,5.8,4.5,-4.4,6.6,0.7,,-1.3,8.87829143,6.2,83162.3479,-2.6,1.808472,0.079784,7.6,8.3,33073.3,228282.9,9.4,-2.6,8.2,7.4,29415.2,28353.8,4719.5,-1.6,1,0.4,3,6.3,3056.2,174.9,124.4,122.1,119.5,128.2,115.6,2.8015,100.52,92.5,49.7,3.1,8.1,12872.11027,47
2019/8/31,2.8,10,1.1,1.6,3.6,1,1.6,2.3,-2.3,2.1,-0.8,5.2,-10,8.9,4.4,5.6,4.3,4.3,6.1,0,,-0.6,10.18485612,6.7,95372.9494,-8.1,1.957572,0.085255,7.5,8.2,33896.3,262179.3,9.7,-8.1,8.1,7.2,30039.2,29134.3,4762.1,-7,3.5,5.9,4.2,5.7,3051.7,212.4,122.4,121,117.9,126.2,112,2.8783,101.08,92.6,49.5,3.4,8.2,21955.76501,47.8
2019/9/30,3,11.2,1,1.3,4,0.7,1.6,2.2,-2.9,1.7,-1.2,5.2,-8.6,8.6,5.8,5.6,5.6,0.5,11,3.5,,-0.1,11.91785328,7.1,111491.285,-2.2,2.270682,0.079755,7.8,8.2,34494.9,296674.2,9.4,-2.2,8,7.6,30724.7,29112.4,5382.5,-6.6,8.4,4.2,5.4,6.3,3397.5,204.7,124.1,121.5,118.20000000000002,130.4,109.1,3.0639,110.54,92.8,49.8,3.4,8.4,25142.21046,47.1
2019/10/31,3.8,15.5,0.9,1.4,5.2,0.5,1.2,2.1,-3.5,1.9,-1.6,5.1,-5.5,10,4.7,5.6,4.6,4.9,8.3,3.1,,0.1,13.32506792,7.3,124417.2448,-3.3,2.28417,0.075058,7.2,8.1,38104.3,334778.5,9,-3.3,7.9,7,33736.9,32744.1,5360.2,-4.5,22.9,2.6,0.7,1.8,3228.1,198.6,124.30000000000001,122.6,117.79999999999998,130.1,107.3,2.9502,113.47,92.5,49.3,3.3,8.4,8680.002122,46.7
2019/11/30,4.5,19.1,1,1.2,6.5,0.4,1.1,2,-2.8,1.7,-1.4,5.1,-4.5,8.6,6.2,5.6,6.3,7.7,8.9,6.2,,0.2,14.89050175,7.3,139005.7782,-1.8,2.456879,0.095375,8,8,38093.8,372872.3,9.7,-1.8,7.9,7.8,33130.1,32345.4,5748.4,-1.1,12.1,-0.3,9.7,6.5,3465.1,212,124.60000000000001,122.6,118,131.2,106.3,2.7527,96.88,92.6,50.2,3.5,8.2,19936.91623,46.4
2019/12/31,4.5,17.4,1.3,1.2,6.4,0.5,0.8,2.1,-0.7,1.8,-0.5,5.2,2.6,8.5,6.9,5.7,7,10.4,10,4.9,,-0.1,17.15578676,6.5,159725.1223,1.8,2.658306,0.163448,8,8,38776.7,411649,9.1,1.8,7.9,7.9,33952.1,32703.8,6072.9,3.7,8.8,0.6,2.7,1.8,4428.1,267.9,126.6,124.1,120.7,132.9,111.3,3.018,99.36,92.7,50.2,4.4,8.7,22013,45.6
2020/1/31,5.4,20.6,1.6,1.5,7.7,0.5,0.6,2.3,0.9,2.2,0.1,5.3,2.6,8.5,-4.313519,-4.313519,7,10.4,10,4.9,,-0.1,17.15578676,6.5,159725.1223,1.8,1.927201,0.046373,8,8,38776.7,411649,9.1,1.8,7.9,7.9,33952.1,32703.8,6072.9,3.7,8.8,0.6,2.7,1.8,4428.1,267.9,126.4,124.6,120,131.8,111,2.9638,78.62,92.6,50,0,8.4,50535,46
2020/2/29,5.2,21.9,0.9,0.6,7.9,0.3,0.5,2.2,-1.6,1,-0.4,6.2,-22.9,-44.9,-25.867052,-13.5,7,10.4,10,4.9,,-39.9,0.847495,-35.9,8203.4693,-37,0.309942,0.012908,-20.5,-20.5,38776.7,52129.8,-43.1,-37,-17.6,-17.6,33952.1,32703.8,6072.9,-41.1,-8.8,-30.5,-30,-33.5,4428.1,267.9,118.89999999999999,114.2,115.39999999999999,128.3,103.4,2.5545,42.28,76.4,35.7,4.8,8.8,8737,46.1
2020/3/31,4.3,18.3,0.7,1.1,6.2,-0.1,-0.3,2.2,-3.8,2.5,-1.5,5.9,-15.8,-27.2,-1.1,-8.4,-1.8,-22.4,8.9,-5.4,,-26.3,2.19783239,-24.7,20364.8621,-18.1,1.430217,0.052873,-15.8,-19,26449.9,78579.7,-46.8,-18.1,-15.8,-12,24617.9,22974,3475.9,-30.1,6.5,-13.9,-29.7,-22.7,2609,147.2,122.20000000000002,119.3,117.79999999999998,128.3,110,2.0874,71.92,82,52,5,10.1,51838,49.1
2020/4/30,3.3,14.8,0.4,0.9,4.7,-0.3,-0.4,2.2,-4.9,2,-3.1,6,-14.5,-18.4,3.9,-4.9,5,5.8,10.5,7.5,,-19.3,3.39725809,-18.6,31863.0903,0,2.069962,0.07195,-7.5,-16.2,28177.8,106757.5,-31.1,0,-13.1,-4.6,25871.2,24557.7,3620.1,-12.1,12.2,-5.8,-8.5,-5.4,3082.7,154.7,116.4,116.7,112.30000000000001,117.8,108.4,1.6674,85.73,83.1,50.8,5.5,11.1,31027,49.3
2020/5/31,2.4,10.6,0.4,1,3.3,-0.5,-0.4,2.1,-5.1,2.2,-3.7,5.9,-11.3,-12.8,4.4,-2.8,5.2,12.2,8.9,7.3,,-12.3,4.87029687,-10.6,46269.4801,3.5,2.19358,0.081665,-2.8,-13.5,31972.8,138730.3,-18.9,3.5,-10.6,-0.8,28959.5,27880.9,4091.8,-3.9,11.4,1.9,4.3,3,3376.1,203.1,115.80000000000001,115,111.3,118,107.8,1.6726,89.13,86.6,50.6,6.8,11.1,31866,47.3
2020/6/30,2.5,11.1,0.3,0.7,3.5,-0.58934,-0.43236,1.8535,-4.64542,1.9027,-3,5.7,-10.5,-7.6,4.8,-1.3,5.1,13.4,10,7.4,,-8.4,6.94036779,-5.4,66894.5689,-8.2,2.299696,0.103565,-1.8,-11.4,33525.9,172256.2,-15.2,-8.2,-8.7,-0.2,30263.5,29051.6,4474.3,-6.8,18.8,2.2,9.8,-1.4,3612.2,193.4,112.60000000000001,112.7,108.89999999999999,114.2,104.6,2.6607,83.85,85.5,50.9,6.5,11.1,34681,46.8
2020/7/31,2.7,13.2,0,0,4.3,-0.724911,-0.531892,1.612961,-4.396246,0.324884,-2.4,5.7,-10.9,-4.5,4.8,-0.4,6,21.6,9.8,9.6,,-5.8,8.3631362,-2.1,81422.0298,12.3,2.111803,0.097854,-1.1,-9.9,32202.5,204458.7,-11,12.3,-7.5,0.2,28920,28025,4177.5,7.5,11.3,-2.5,-2.2,-3.9,3308.3,178.8,117.2,117.4,111.9,119.3,106,2.3486,85.03,86.6,51.1,6.9,10.7,16928,47.6
2020/8/31,2.4,11.2,0.1,-0.1,3.9,-0.749541,-0.453216,1.520815,-3.924041,-0.027215,-2,5.6,-10.8,-3.6,5.6,0.4,6,14.8,7.6,10.9,,-3.3,9.84859545,1.6,96942.5396,11.8,2.185812,0.109318,0.5,-8.6,33570.6,238029.4,-7,11.8,-6.3,1.5,29951.3,29272.7,4297.9,15.3,25.1,-2.9,4.3,-4.2,3412.8,234.8,116.4,115.8,110.8,119.4,104.6,2.4743,101.93,86.6,51,8,10.4,35853,47.1
2020/9/30,1.7,7.9,0,0.2,2.6,-0.781388,-0.401247,1.482762,-3.628848,0.654261,-2.1,5.4,-11.6,-3.4,6.9,1.2,7.6,16.4,7.8,12.5,,-1.8,11.70726729,3.7,115647.2898,11.2,2.565201,0.137941,3.3,-7.2,35294.7,273324,-2.9,11.2,-5.1,4.1,31579.5,30200.1,5094.6,13.1,-4.6,0.5,-0.5,-0.6,3866.2,222,120.5,118.1,115.00000000000001,125.4,108.8,3.151,108.26,86.8,51.5,8.1,10.9,34693,48.4
2020/10/31,0.5,2.2,0,0.3,0.6,-0.7,-0.3,1.5,-3.9,1.1,-2.1,5.3,-9.2,-2.6,6.9,1.8,7.5,14.7,6.3,13.1,,0,13.3293802,5.8,131665.0873,12,2.573228,0.160185,4.3,-5.9,38576.5,311900.5,0.8,12,-4,4.8,34204.1,33498,5078.5,16.7,8.1,4.2,2.7,1.3,3708.5,222.3,121.69999999999999,119,116.60000000000001,126.7,110.9,2.7183,110.77,87,51.4,9.1,10.5,13929,44.9
2020/11/30,-0.5,-2,-0.1,0.3,-1,-0.6,-0.3,1.5,-3.9,1,-1.5,5.2,-7.3,-2,7,2.3,7.7,11.1,10.8,10.2,,1.3,15.0834447,7.2,148968.7336,11.8,2.769666,0.200143,5,-4.8,39514.2,351414.7,-0.6,11.8,-3,5.8,34534.4,34071.9,5442.3,24.8,43.6,7.1,5.1,-2.2,4016.8,257.6,124,121.1,119.6,129.2,114,2.8587,101.52,87.1,52.1,10,10.7,21355,45.7
2020/12/31,0.2,1.2,0,0.3,0.2,-0.6,-0.1,1.3,-3.1,0.9,-0.4,5.2,-4.9,-1.2,7.3,2.8,7.7,9.7,13.1,11.1,,2.6,17.60862217,8.7,173612.6589,6.4,2.831245,0.248171,4.6,-3.9,40566,391980.6,0.4,6.4,-2.3,5.2,35616.3,34706,5860,11.6,21,12.9,11.2,0.4,4871.1,289.1,122.1,118.9,117.3,127.2,112.4,2.9835,93.59,87,51.9,8.6,10.1,16476,46.2
2021/1/31,-0.3,1.6,-0.8,-0.7,-0.1,-0.4,-0.2,0.4,-4.6,0,0.3,5.4,-4.9,-1.2,25.398571,25.398571,7.7,9.7,13.1,11.1,,2.6,17.60862217,8.7,173612.6589,6.4,2.503168,0.179176,4.6,-3.9,40566,391980.6,0.4,6.4,-2.3,5.2,35616.3,34706,5860,11.6,21,12.9,11.2,0.4,4871.1,289.1,122.8,121.5,118,127.7,109.1,2.8196,84.93,87,51.3,14.7,9.4,51884,49
2021/2/28,-0.2,-0.2,-0.2,-0.1,-0.3,-0.3,-0.5,0.3,-1.9,0.6,1.7,5.5,40.4,64.3,52.339181,35.1,7.7,9.7,13.1,11.1,,104.9,1.73631372,133.4,19150.7381,77.6,1.454806,0.109634,33.8,33.8,40566,69736.8,68.9,77.6,30.7,30.7,35616.3,34706,5860,98.7,53.1,52.8,43.2,58.7,4871.1,289.1,127.00000000000001,124.2,120.99999999999999,132.8,113.7,2.7897,79.97,87.5,50.6,7.4,10.1,17243,48
2021/3/31,0.4,-0.7,0.7,0.2,0.6,0.2,0.1,0.2,2.7,0.4,4.4,5.3,22.9,28.2,14.1,24.5,15.2,40.4,14.1,20.2,,63.8,3.60070483,88.5,38377.7924,48.7,2.525691,0.225801,34.2,33.9,35484.1,105220.8,91.6,48.7,30.4,29.9,31973.5,30793.8,4690.2,83.2,23.5,43.9,38.9,42.8,3929.9,259.2,122.20000000000002,119,115.39999999999999,128.1,108.6,2.4996,103,87.5,51.9,7.1,9.4,33762,46.7
2021/4/30,0.9,-0.7,1.3,0.7,1,0.4,0.2,0.1,4.9,1.3,6.8,5.1,17.9,12.8,9.8,20.3,10.3,7.7,12.7,14.9,,48.1,5.0305004,68.2,53609.1529,16.1,2.251792,0.206206,17.7,29.6,33152.6,138373.4,46.4,16.1,26.4,15.1,29775.8,28888,4264.6,48.3,14.2,30.8,6.1,21.7,3684.7,222.1,121.5,118.2,114.89999999999999,127.6,107.8,2.3258,114.52,87.5,51.1,6.2,8.1,18570,46.8
2021/5/31,1.3,0.3,1.6,0.9,1.6,0.7,0.4,0.2,5.5,1.5,9,5,16.4,6.9,8.8,17.8,9,0.5,17.5,13.8,,36.3,6.63833227,52.4,70533.6981,6.3,2.127721,0.217386,12.4,25.7,35945.1,174318.5,26.6,6.3,22.9,10.9,32128.8,31312.7,4632.4,31.5,8.8,20.3,3.1,12.6,3688.1,262.3,121.79999999999998,118.4,116.4,127.5,110.8,2.339,130.03,87.3,51,6.1,8.3,19522,46.5
2021/6/30,1.1,-1.7,1.7,1,1.1,0.9,0.4,0.3,5.8,1.5,8.8,5,25.7,3.8,8.3,15.9,8.7,-4.3,18,13.9,,27.7,8.86353483,38.9,92931.3074,4.5,2.015309,0.255747,12.1,23,37585.8,211904.3,20.2,4.5,20.6,11.2,33663,32551.5,5034.3,26,15.9,19.1,8.9,13.4,3866.7,240.1,122.8,118.8,117.5,128.6,112.9,2.6959,120.99,87.2,50.9,5.5,8.6,37017,47.1
2021/7/31,1,-3.7,2.1,1.6,0.6,1.1,0.4,0.4,6.9,2.7,9,5.1,25.7,-0.9,6.4,14.4,6.2,-8.5,15.6,7.6,,21.5,10.16481757,30.7,106430.425,-1.8,1.86355,0.270576,8.5,20.7,34925.1,246829.4,14.3,-1.8,18.7,7.8,31173.7,30378.5,4546.5,14.3,0.1,11.6,8.2,11,3347.2,203.1,117.79999999999998,114.1,114,125,105.4,2.3763,120.84,87,50.4,4.9,8.3,10752,47.6
2021/8/31,0.8,-4.1,1.9,1.5,0.3,1.1,0.5,0.4,5.9,3,9.5,5.1,26,-3.2,5.3,13.1,5.5,-12.6,18.3,6.7,,15.9,11.41928088,22.8,119046.8628,-7.4,1.798841,0.320974,2.5,18.1,34394.9,281224.2,-4.5,-7.4,16.5,3.3,30939,29950.3,4444.5,7.4,-14.9,13.5,-5,6.7,3280.1,250.2,117.5,114,115.2,124.3,107,2.3227,125.76,86.6,50.1,4.2,8.2,29893,47.7
2021/9/30,0.7,-5.2,2,1.4,0.2,1.3,0.5,0.4,5.8,3.2,10.7,4.9,23.4,-4.5,3.1,11.8,2.4,-8.2,14,3,,11.3,13.03317755,16.6,134794.9293,-11.8,2.067099,0.357474,4.4,16.4,36833,318057.2,3.1,-11.8,15,4.5,33001.6,31461.8,5371.2,20.1,22.8,13.3,6.6,3.4,3535.4,262.5,121.2,117.2,116.30000000000001,127.6,110.2,3.038,138.63,86.7,49.6,3.7,8.3,29026,47.2
2021/10/31,1.5,-2.4,2.4,1.4,1.6,1.7,0.5,0.6,7,2.9,13.5,4.9,16.3,-7.7,3.5,10.9,2.5,-7.9,14.7,1,,7.3,14.30407145,11.8,147184.6567,-11.5,2.332801,0.383418,4.9,14.9,40453.9,358511.1,2,-11.5,13.8,5.2,35993.6,35089.9,5364,12.6,34.8,12,9.5,2.4,3396.8,247.5,120.19999999999999,117.5,116.1,126.4,107.2,2.4384,169.8,86.1,49.2,2.8,8.7,16176,46.3
2021/11/30,2.3,1.6,2.5,1.5,2.9,1.7,0.5,0.6,7.6,3,12.9,5,16.2,-9.1,3.8,10.1,2.9,-4.7,15.1,2.8,,4.8,15.81307308,8.5,161666.7026,-9,2.521591,0.449858,3.9,13.7,41043.2,399554.3,-2.7,-9,12.8,4.8,36200.1,35337.5,5705.7,5.7,0.3,14.1,6.6,6.1,3777,270.2,119.5,116.9,114.7,124.8,107.7,2.4153,139.5,86.3,50.1,3,8.5,25983,47.9
2021/12/31,1.5,-1.2,2.1,1.5,1.5,1.6,0.6,0.7,5,3.1,10.3,5.1,11.2,-11.4,4.3,9.6,3.8,2.8,12.1,1.5,,1.9,17.94334099,4.8,181929.9494,-7.4,2.785918,0.530939,1.7,12.5,41268.9,440823.2,-2.2,-7.4,11.8,2.3,36427.8,35242.8,6026.1,-0.2,0.3,7.5,-6,-3.1,4651.3,289.4,119.80000000000001,117,115.5,124.7,110.2,3.3515,122.51,86.4,50.3,3.5,9,23580,48.5
2022/1/31,0.9,-3.8,2,1.7,0.4,1.4,0.4,0.6,5.2,2.9,9.1,5.3,11.2,-11.4,3.857957,3.857957,3.8,2.8,12.1,1.5,,1.9,17.94334099,4.8,181929.9494,-7.4,2.530584,0.431436,1.7,12.5,41268.9,440823.2,-2.2,-7.4,11.8,2.3,36427.8,35242.8,6026.1,-0.2,0.3,7.5,-6,-3.1,4651.3,289.4,121.5,119.6,116.99999999999999,125.3,112.2,2.5955,105.99,89.4,50.1,-1.9,9.8,61759,48
2022/2/28,0.9,-3.9,2.1,1.2,0.7,1.4,0.6,0.6,5.5,2.5,8.8,5.5,-9.8,-12.2,12.795905,7.5,3.8,2.8,12.1,1.5,,-9.6,1.57026113,-19.3,15458.6741,3.9,1.737299,0.333731,6.7,6.7,41268.9,74426,8.9,3.9,6.5,6.5,36427.8,35242.8,6026.1,19.5,4.8,6.2,12.7,-6,4651.3,289.4,120.5,118,115.3,125,110,2.2969,102.97,89.2,50.2,4.7,9.2,12170,47.3
2022/3/31,1.5,-1.5,2.2,1.1,1.7,1.3,0.6,0.7,5.8,2.6,8.3,5.8,-11.5,-17.5,5,6.5,4.4,-1,13.8,-0.7,,-13.8,3.10459632,-22.7,29654.5964,-7.5,2.233912,0.484299,-3.525412,3.267686,34233.1,108659.1,-16.384408,-7.5,3.573129,-2.113566,31297.8,29699.4,4533.7,-17.9,3.1,0.4,-4.3,-8.8,3673.1,204.5,113.2,114.1,110.4,116.1,105.5,2.6543,115.25,88.7,49.5,4.7,9.7,46565,48.9
2022/4/30,2.1,1.9,2.2,0.8,3,1.2,0.5,0.7,6.5,2,8,6.1,-11.9,-26.3,-2.9,4,-4.6,-31.8,4,-15.8,,-20.9,3.97681548,-29.5,37789.401,-31.6,1.180903,0.298868,-11.1,-0.2,29483.1,138142.2,-22.7,-31.6,0.4,-9.7,26874.2,25637,3846.1,-26.7,-21.8,-11.7,-8.1,-14,2567.2,158.4,86.7,93.5,86.5,79.4,87.1,2.0751,114.94,88.3,47.4,5.1,10.5,9327,50.3
2022/5/31,2.1,2.3,2.1,0.7,3,1,0.5,0.7,6.2,1.8,6.4,5.9,-15.3,-30.6,0.7,3.3,0.1,-7,4.3,-6.8,,-23.6,5.07383783,-31.5,48336.6026,-16,1.861975,0.447174,-6.7,-1.5,33547,171689.3,-21.1,-16,-0.7,-5,30534.7,29204.9,4342.2,-15.5,-7.7,-7.8,-10.6,-12.2,3185.5,220.5,86.8,93.9,86.2,80,86.6,1.8623,123.07,88.2,49.6,4.6,11.1,28415,49.3
2022/6/30,2.5,2.9,2.5,1,3.5,0.8,0.6,0.7,8.5,2.1,6.1,5.5,-21.5,-34.4,3.9,3.4,3.4,16.2,8.4,1.1,49.7,-22.2,6.89230422,-28.9,66072.3804,13.9,2.502293,0.596439,3.1,-0.7,38742.5,210431.7,-4,13.9,0.1,3.9,34976.7,33571.2,5171.2,8.1,6.6,-4.9,3.2,-6.6,4550.6,256.8,88.89999999999999,96.7,87.5,82.9,87.1,2.0136,116.44,88.4,50.2,5.8,11.4,51926,48.6
2022/7/31,2.7,6.3,1.9,0.7,4,0.7,0.7,0.7,6.1,1.5,4.2,5.4,-23.3,-36.1,3.8,3.5,2.7,22.5,5.9,-0.4,50.2,-23.1,7.81779699,-28.8,75762.9979,9.7,2.420058,0.592887,2.7,-0.2,35870.1,246301.8,-1.5,9.7,0.5,3.2,32175.9,31204.8,4665.3,22.1,4.9,-7.8,7.1,-6.3,3824.2,246.7,87.9,95.4,86.7,81.6,86.7,1.769,116.02,88.3,49,6.7,12,7785,48
2022/8/31,2.5,6.1,1.7,0.7,3.7,0.6,0.6,0.7,4.9,1.6,2.3,5.3,-21.1,-37.2,4.2,3.6,3.1,30.5,4.6,0.8,50.2,-23,8.78904003,-27.9,85869.5165,15.9,2.383354,0.666191,5.4,0.5,36257.9,282559.7,8.4,15.9,1.1,5.1,32510.3,31593.2,4664.7,7.2,-4.6,-9.1,3.4,-8.1,3974.7,267.8,87,93.5,86.5,81.3,86.3,1.6283,101.02,88.3,49.4,6.1,12.2,24712,45.2
2022/9/30,2.8,8.8,1.5,0.5,4.3,0.3,0.5,0.7,4.5,1.2,0.9,5.5,-19.9,-38,6.3,3.9,6.4,23.7,9.3,2.3,50.5,-22.2,10.14217191,-26.3,99379.6927,14.2,2.610325,0.707529,2.5,0.7,37744.9,320304.6,-1.7,14.2,1.3,3,33977.5,32249.5,5495.3,1.9,5.8,-8.1,-6.1,-7.3,4212.9,266,87.2,93.7,86.5,81.8,86.1,2.6357,104.34,88.2,50.1,6.4,12.1,35411,47.3
2022/10/31,2.1,7,1.1,0.4,3.3,-0.2,0.5,0.5,3.1,1.2,-1.3,5.5,-18.7,-37.8,5,4,5.2,18.7,10.6,2,50.5,-22.3,11.11792868,-26.1,108832.2185,3.9,2.504683,0.713601,-0.5,0.6,40270.5,360575.1,-8.1,3.9,1.2,0.5,36171.2,34896.1,5374.5,-2.7,-8.9,-8.7,-14.1,-6.6,3695.3,245.6,86.8,92.5,87.10000000000001,80.3,87.5,1.8616,98.12,88.2,49.2,5.8,11.8,9134,48
2022/11/30,1.6,3.7,1.1,0.5,2.3,-0.2,0.5,0.5,2.9,1.3,-1.3,5.7,-19,-38.9,2.2,3.8,2,4.9,2,-0.9,49.8,-23.3,12.1250083,-26.6,118647.5944,-4.2,2.327721,0.786285,-5.9,-0.1,38615.1,399190.2,-8.4,-4.2,0.5,-5.6,34179.9,33204.2,5410.9,-7,-17.6,-10,-17.3,-4,3787.6,256.3,85.5,91.5,86.30000000000001,77.5,87.3,2.0448,86.52,88.1,48,4.6,12.4,19837,48.1
2022/12/31,1.8,4.8,1.1,0.6,2.6,-0.2,0.5,0.6,2.8,1.4,-0.7,5.5,-15,-39.4,1.3,3.6,0.2,-5.9,2.8,-3.4,48.7,-24.3,13.58368942,-26.7,133307.8378,4.6,2.556244,0.813842,-1.8,-0.2,40542.3,439732.5,-14.1,4.6,0.5,-0.1,36385.3,34594.4,5947.9,-18.4,-4.5,-8.9,-13.1,-5.8,5104.7,245.5,88.30000000000001,95.4,87.10000000000001,82.7,86.7,3.2892,88.93,87.9,47,3.7,11.8,13063,46.6
2023/1/31,2.1,6.2,1.2,1,2.8,-0.1,0.5,0.8,2,2.4,-0.8,5.5,-15,-39.4,-9.793162,-9.793162,0.2,-5.9,2.8,-3.4,50.3,-24.3,13.58368942,-26.7,133307.8378,4.6,1.648966,0.407845,-1.8,-0.2,40542.3,439732.5,-14.1,4.6,0.5,-0.1,36385.3,34594.4,5947.9,-18.4,-4.5,-8.9,-13.1,-5.8,5104.7,245.5,91.2,97.5,89.6,85.7,90.5,2.6996,95.62,88.9,50.1,6.7,12.6,59956,47.2
2023/2/28,1,2.6,0.6,0.6,1.2,-0.1,0.7,1,0.1,1.2,-1.4,5.6,8,-9.4,18.774816,2.4,0.2,-5.9,2.8,-3.4,50.3,-3.6,1.51328389,-0.1,15448.57,-9.4,1.976173,0.524897,3.5,3.5,40542.3,77067,9.2,-9.4,2.9,2.9,36385.3,34594.4,5947.9,5.9,-8.2,-0.9,-1.9,5.2,5104.7,245.5,94.7,99.2,92.30000000000001,90.8,94.1,2.5261,119.88,89.6,52.6,5.8,12.9,31610,50.6
2023/3/31,0.7,2.4,0.3,0.8,0.5,-0.3,0.8,1,-1.9,1.4,-2.5,5.3,14.7,-19.2,3.9,3,4.2,13.5,1.5,4.6,50.6,-1.8,2.99457431,4.1,30545.1157,11.5,2.45103,0.652699,10.6,5.8,37855.4,114922.4,26.3,11.5,4.9,9.1,34148.3,32868,4987.4,37.4,1.8,-4.7,-1.4,3.5,4264.9,287.6,94.89999999999999,101,92.8,88.8,94.8,2.8578,128.79,89.3,51.9,5.1,12.7,53867,49.5
2023/4/30,0.1,0.4,0.1,1,-0.4,-0.2,0.9,1,-3.3,1.9,-3.6,5.2,18.8,-21.2,5.6,3.6,6.5,44.6,2.5,13.5,50.8,-0.4,3.76358749,8.8,39750.4174,38,2.158704,0.636463,18.4,8.5,34910.5,149832.9,43.8,38,7.3,15.9,31159,30397.9,4512.6,44.7,14.6,-11.2,4.7,3.4,3620.2,230.6,87.10000000000001,93.4,86,79.7,88.2,2.5044,142.16,89,49.2,5.3,12.4,12249,49.4
2023/5/31,0.2,1,0,0.9,-0.3,-0.2,0.9,1.1,-3.9,1.7,-4.6,5.2,19.6,-22.6,3.5,3.6,4.1,23.8,1.7,6.1,51.1,-0.9,4.64400134,8.4,49786.594,24.2,2.381614,0.716545,12.7,9.3,37803.3,187636.3,35.1,24.2,7.9,10.5,33733.2,32906.1,4897.2,24.4,27.4,-14.6,0.1,5,3927.9,265.6,88.2,95.6,87.10000000000001,79.1,89.8,2.1482,135.19,88.9,48.8,4.7,11.6,15560,48.9
2023/6/30,0,2.3,-0.6,0.7,-0.5,0,0.9,1.1,-6.5,1.5,-5.4,5.2,19,-24.3,4.4,3.8,4.8,8.8,2.7,-0.2,50.9,-5.3,5.95147171,1.1,63091.766,-1.1,2.622326,0.806282,3.1,8.2,39951.4,227587.6,16.1,-1.1,6.8,1.7,35580.6,34563.5,5387.9,7.8,6.6,-6.8,4.5,1.2,4525.9,267.5,86.4,94.8,85.9,76.2,88.3,2.3163,116.64,89.1,49,3.1,11.3,42265,46.1
2023/7/31,-0.3,-1.7,0,1.2,-1.3,0.1,1,1.2,-4.7,2.4,-4.4,5.3,20.5,-24.5,3.7,3.8,3.9,6.2,0.7,-1.4,50.1,-6.5,6.6562866,-1.5,70450.2127,-1.5,2.386933,0.780177,2.5,7.3,36760.7,264348.4,15.8,-1.5,5.9,1,32483.4,31920.1,4840.6,-10,3,-11.2,-5.5,0.1,3854.6,218.4,86.4,94.3,86.30000000000001,75.6,89.4,2.0697,117.68,89.3,49.3,2.3,10.7,5366,46.3
2023/8/31,0.1,-1.7,0.5,1.3,-0.7,0.1,1.1,1.2,-2.1,2.5,-3,5.2,19.2,-24.4,4.5,3.9,5.4,9.9,2.9,-0.8,50.3,-7.1,7.39486174,-3.2,78157.877,1.1,2.582401,0.846287,4.6,7,37932.7,302281,12.4,1.1,5.6,3.7,33720.6,32973.7,4958.9,7.2,8.5,-11.4,-2.9,4.8,4112.3,283.3,86.5,94.5,86.30000000000001,76,89,2.0216,124.44,89.4,49.7,2.2,10.6,31279,47.2
2023/9/30,0,-3.2,0.7,1.3,-0.9,0.2,1.1,1.3,-1.3,2.5,-2.5,5,19.8,-23.4,4.5,4,5,9,2.3,0,50.8,-7.5,8.48057082,-4.6,89070.2815,2.8,2.858234,0.904043,5.5,6.8,39826,342107,13.8,2.8,5.5,4.6,35539.2,33984.6,5841.3,7.7,0.4,-8.2,-2.3,0.5,4382.5,279.1,87.2,93.7,86.6,78.2,89.7,3.7785,131.55,89.2,50.2,2.1,10.3,41326,46.7
2023/10/31,-0.2,-4,0.7,1.2,-1.1,0.3,1.1,1.3,-0.9,2.3,-2.6,5,19,-23.2,4.6,4.1,5.1,10.8,1.8,-0.1,51.3,-7.8,9.25785394,-4.9,97160.8511,11.4,2.85257,0.955884,7.6,6.9,43333,385440,17.1,11.4,5.6,6.5,38533.4,37478.8,5854.2,10.4,14.6,-4.8,9.6,1.7,4135.1,264.2,87.9,94.6,87.8,78.3,90.7,2.6367,134.42,89.1,49.5,1.9,10.3,18441,48.5
2023/11/30,-0.5,-4.2,0.4,1,-1.4,0.3,1.3,1.3,-2.4,1.8,-3,5,17.9,-21.2,6.6,4.3,6.7,20.7,6.2,0.8,50.8,-8,10.05087099,-5.2,105317.7944,14.7,2.970122,1.025901,10.1,7.2,42505,427945,25.8,14.7,5.9,8,36925.1,36530.2,5974.8,10.7,16.8,-10.4,2.7,2.2,4314.4,278.3,87,94.3,86.6,77.4,89.2,2.5453,118.84,89.3,49.4,1.3,10,24554,48.2
2023/12/31,-0.3,-3.7,0.5,1,-1.1,0.3,1.4,1.4,-2.2,1.8,-2.7,5.1,17,-20.4,6.8,4.6,7.1,20,6.4,4.6,50.4,-8.5,11.17351377,-6.5,116622.2076,4,3.156367,1.191279,7.4,7.2,43550.2,471495.2,30,4,5.8,4.8,38145.1,37071,6479.2,29.4,11,-7.5,-0.1,2.3,5419.7,304,87.6,94.7,87.69999999999999,77.6,90.7,3.6326,113.71,89.1,49,1.3,9.7,19326,47.8
2024/1/31,-0.8,-5.9,0.4,0.5,-1.7,0.3,1.6,1.3,-2.4,1.3,-2.5,5.2,17,-20.4,26.3,26.3,7.1,20,6.4,4.6,50.9,-8.5,11.17351377,-6.5,116622.2076,4,2.439344,0.729317,7.4,7.2,43550.2,471495.2,30,4,5.8,4.8,38145.1,37071,6479.2,29.4,11,-7.5,-0.1,2.3,5419.7,304,88.89999999999999,95.7,89.10000000000001,78.2,92.9,2.3629,101.89,89.2,49.2,3.3,8.7,64734,49.4
2024/2/29,0.7,-0.9,1.1,1.9,-0.1,0.2,1.6,1.5,-0.4,3.9,-2.7,5.3,-20.2,-29.7,-12.7,7,7.1,20,6.4,4.6,51.2,-20.5,1.13688587,-29.3,10566.3378,8.7,1.583518,0.47666,5.5,5.5,43550.2,81306.9,12.5,8.7,4.6,4.6,38145.1,37071,6479.2,5,16.2,2.1,5.7,4.6,5419.7,304,89.10000000000001,96,88.8,80.1,91.2,2.2377,101.51,89.1,49.1,2.6,8.7,14959,47.9
2024/3/31,0.1,-2.7,0.7,0.8,-0.4,0.2,1.6,1.5,-1.3,1.8,-2.8,5.2,-20.7,-27.8,4.5,6.1,5.1,9.4,7.6,0,50.1,-19.4,2.26675257,-27.6,21354.9591,-3.7,2.694461,0.882854,3.1,4.7,39019.9,120326.8,6.9,-3.7,4,2.7,35055.9,33843.4,5176.5,3.2,7.2,2.8,5.8,0.2,4051.7,290.8,89.4,96.9,86.8,78.6,92.7,2.3093,119.76,89.3,50.8,2.3,8.3,48335,48.9
2024/4/30,0.3,-2.7,0.9,0.8,0,0.2,1.6,1.6,0.1,1.8,-2.5,5,-20.4,-24.6,6.7,6.3,7.5,16.3,11.3,3.7,50.4,-20.2,2.92518429,-28.3,28066.5953,-5.6,2.358835,0.849903,2.3,4.1,35699.1,156025.8,4.4,-5.6,3.5,2,31783.9,31026.4,4672.7,-0.1,13.3,-4.5,4.5,1.2,3503.3,231.3,88.2,95,85.8,77,92.8,2.0188,117.65,89.4,50.4,0.6,7.2,-658,47.3
2024/5/31,0.3,-2,0.8,0.8,0,0.2,1.6,1.5,-0.2,1.7,-1.4,5,-20.1,-24.2,5.6,6.2,6,7.6,10,2.4,50.9,-20.3,3.66420616,-27.9,35665.0812,-4.4,2.416803,0.954896,3.7,4.1,39211,195236.9,5,-4.4,3.5,3.6,34937,34111.2,5099.8,-11,16.6,-4.5,12.9,4.8,3874.6,239.8,86.4,93.2,84.4,74,91.9,1.9236,126.03,89.2,49.5,-0.8,7,20623,46.5
2024/6/30,0.2,-2.1,0.8,0.7,-0.1,0.2,1.5,1.5,-0.3,1.7,-0.8,5,-21.8,-23.7,5.3,6,5.5,6.8,8.8,3.4,50.9,-19,4.79162364,-25,47133.3292,-6.2,2.551638,1.048757,2,3.7,40731.6,235969,5.4,-6.2,3.2,1.5,36123.1,35140.8,5590.8,-3.7,2.9,-4.4,-7.6,1.1,4367.4,261.9,86.2,93.8,84.4,71.8,93,2.0456,121.61,89,49.5,-1.7,6.2,32985,48.3
2024/7/31,0.5,0,0.7,0.6,0.5,0.1,1.5,1.4,-0.6,1.7,-0.8,5.2,-21.8,-23.2,5.1,5.9,5.3,4.4,10,3.2,49.6,-18.6,5.41489431,-24.3,53330.3926,-4.9,2.261796,0.990514,2.7,3.5,37757.4,273725.9,3,-4.9,3.1,2.7,33354,32691.4,5066,-10.4,12.7,-2.1,-2.4,-1.1,3798.5,200.1,86,94.4,84.4,71.6,92,1.9164,120.92,88.9,49.4,-2.6,6.3,7707,47.8
2024/8/31,0.6,2.8,0.2,0.5,0.7,0,1.4,1.3,-2.7,1.3,-1.8,5.3,-23.6,-22.5,4.5,5.8,4.3,4.5,8.6,2.2,49.8,-18,6.06018928,-23.6,59723.4689,-7.3,2.453258,1.099982,2.1,3.4,38725.8,312451.7,3.3,-7.3,3,1.9,34374.5,33574.6,5151.2,-12,14.8,-6.7,3.4,-3.7,3943,257.2,85.8,94.2,84.5,71.5,91.5,1.921,118.14,88.8,49.1,-3,6.3,30323,48.5
2024/9/30,0.4,3.3,-0.2,0.2,0.5,-0.1,1.3,1.2,-4.1,0.6,-2.8,5.1,-24.4,-22.2,5.4,5.8,5.2,4.6,10.1,4.6,50.6,-17.1,7.02840334,-22.7,68880.0604,0.4,2.808921,1.28682,3.2,3.3,41112.3,353564,3.1,0.4,3,3.3,36694.9,35044.4,6067.9,-7.8,12.3,-6.6,20.5,0.4,4538.9,263.6,85.69999999999999,93.9,84.2,71.3,92,2.1474,126.68,88.7,49.8,-3.3,6.8,37635,48.4
2024/10/31,0.3,2.9,-0.3,0.4,0.2,-0.1,1.1,1.1,-4.8,0.8,-2.9,5,-23.9,-22.6,5.3,5.8,5.4,6.2,9.4,2.4,51.4,-15.8,7.79301583,-20.9,76854.8957,3.7,3.05293,1.43011,4.8,3.5,45396.4,398960.3,3.2,3.7,3.2,5,40444.3,39255,6141.4,-2.7,14.4,-5.8,39.2,7.4,4452.4,263.5,86.89999999999999,94.3,84.6,73.3,93.1,2.025,127.65,89,50.1,-2.3,7.5,14120,46.9
2024/11/30,0.2,1,0,0.4,0,-0.1,1.1,1.1,-3.6,1,-2.5,5,-26.2,-23,5.4,5.8,6,12,7.8,4.4,51,-14.3,8.61179532,-19.2,85124.7683,6.6,3.316261,1.511731,3,3.5,43763,442723.3,4,6.6,3.2,2.8,37961.4,37595.9,6167.1,-5.9,-7.7,2.9,22.2,10.5,4764.8,268.2,86.2,94.1,84.1,71.4,93,1.8688,118.24,89.2,50.3,-0.7,7.1,23288,47.4
2024/12/31,0.1,-0.5,0.2,0.5,-0.2,0.1,1.2,0.9,-2.2,0.9,-2.3,5.1,-27.7,-23,6.2,5.8,7.4,17.7,7.9,7.7,50.4,-12.9,9.73850119,-17.1,96750.3299,0.5,3.488605,1.596082,3.7,3.5,45171.5,487894.8,2.7,0.5,3.2,3.9,39623,38445,6726.5,-1,14,0.8,39.3,8.8,5662.5,309.8,86.4,94,84.1,72.5,92.7,2.0138,108.82,89,50.1,1.2,7.3,28537,47.9
2025/1/31,0.5,0.4,0.5,1.1,0.1,0.1,1.1,0.7,-0.6,1.7,-2.3,5.2,-27.7,-23,-11.11,5.8,7.4,17.7,7.9,7.7,51.1,-12.9,9.73850119,-17.1,96750.3299,0.5,2.423494,0.943703,3.7,3.5,45171.5,487894.8,2.7,0.5,3.2,3.9,39623,38445,6726.5,-1,14,0.8,39.3,8.8,5662.5,309.8,87.5,95.4,85,72.9,94.4,2.8961,110.35,89,49.1,0.4,7,70546,46.5
2025/2/28,-0.7,-3.3,-0.1,-0.4,-0.9,0.1,1.2,0.2,-2.5,-0.5,-2.2,5.4,-15.6,-29.6,31.02,5.9,7.4,17.7,7.9,7.7,50.1,-5.1,1.07459154,-2.6,10259.3708,-4.4,2.128611,0.891658,4,4,45171.5,83730.6,4.3,-4.4,3.9,3.9,39623,38445,6726.5,5.4,26.2,0.1,10.9,11.7,5662.5,309.8,88.4,96.5,86.4,74,94.6,2.1407,109.19,89.8,50.2,0.1,7,22331,48.3
2025/3/31,-0.1,-1.4,0.2,0.3,-0.4,0.1,1.3,0.1,-2.6,0.8,-2.5,5.2,-14.3,-24.4,7.7,6.5,7.9,11.5,10.7,9.3,50.2,-3,2.18693491,-2.1,20798.0866,5.5,2.915476,1.236794,5.9,4.6,40940.5,124671.1,5.6,5.5,4.6,5.9,36705,35595.4,5345.1,10.6,28.6,-0.1,35.1,29.5,4330.1,324.8,87.5,95.5,85,72.4,94.6,2.0935,124.92,89.5,50.5,1.6,7,58961,48
2025/4/30,-0.1,-0.2,0,0.3,-0.3,0.1,1.3,0.2,-3.9,0.7,-2.7,5.1,-16.9,-23.8,6.1,6.4,6.6,9.2,10,7.8,50.5,-2.8,2.826174,-3.2,27034.61,0.7,2.58961,1.225546,5.1,4.7,37174.1,161845.2,5.2,0.7,4.7,5.1,33007.1,32376.3,4797.8,25.3,19.9,9.7,38.8,26.9,3626.2,296.5,87.8,94.8,87,72.5,96.1,1.803,113.7,89.2,49,1.5,8,11599,47.3
2025/5/31,-0.1,-0.4,0,0.5,-0.5,0.1,1.5,0.3,-4.3,0.9,-3.3,5,-17.3,-22.8,5.8,6.3,6.2,11.6,8.6,6.3,50.5,-2.9,3.531519,-3.8,34090.84,1.1,2.686337,1.307231,6.4,5,41325.8,203171,5.9,1.1,5.1,6.5,36747.6,36056.8,5269,21.8,33,5.8,53,25.6,4009.7,299.5,88,96.6,85.69999999999999,71.4,95.9,1.6762,125.72,89.5,49.5,2.3,7.9,22900,46.5
2025/6/30,0.1,-0.3,0.1,0.5,-0.2,0.1,1.6,0.4,-3.7,1,-3.6,5,-14.8,-20,6.8,6.4,7.4,11.4,9.7,7.8,50.1,-3.5,4.585055,-5.5,44241.25,4.6,2.904482,1.329161,4.8,5,42287.4,245458.4,0.9,4.6,5.1,5.3,37579.8,36559.4,5728,6.1,13.9,1,32.4,28.7,4638,286.8,87.9,96.1,86.30000000000001,70.6,96.9,1.7161,116.14,89.1,49.7,4.6,8.3,42251,48.1
2025/7/31,0,-1.6,0.3,0.5,-0.4,0.1,1.7,0.5,-3.1,0.9,-3.6,5.2,-16.5,-19.4,5.7,6.3,6.2,8.5,9.3,8.4,49.6,-4,5.155977,-6.5,49565.57,-1.5,2.59341,1.26216,3.7,4.8,38780.2,284238.5,1.1,-1.5,4.9,4,34276.1,33619.7,5160.5,8.2,14.9,-0.5,28.7,20.6,3849,221,89,98.1,87.69999999999999,72.8,96.2,1.5786,112.02,89,49.3,5.6,8.8,11307,47.4
2025/8/31,-0.4,-4.3,0.5,0.6,-1,0.1,1.8,0.9,-2.4,1,-2.9,5.3,-17,-19.5,5.2,6.2,5.7,8.4,9.3,7.3,50.1,-4.7,5.730392,-7.3,55015.33,0.8,2.85659,1.395272,3.4,4.6,39667.6,323906.2,2.1,0.8,4.8,3.6,35171.9,34386.5,5281.1,16.8,7.3,-0.7,14.3,18.6,4093.1,305.8,89.2,98,87.8,74.9,94.7,1.5416,110.06,89.1,49.4,6,8.8,25660,46.8
2025/9/30,-0.3,-4.4,0.7,0.6,-0.8,0.1,1.7,1.1,-2,0.8,-2.3,5.2,-15.3,-18.9,6.5,6.2,7.3,16,10.3,9.3,50.6,-5.5,6.583479,-7.9,63040.49,1.6,3.226375,1.603996,3,4.5,41971,365877.2,0.9,1.6,4.6,3.3,37462.4,35782.6,6188.4,9.7,16.2,-0.1,3.3,16.2,4711.3,293.3,89.6,97.8,89.9,72.4,98.6,1.7471,122.93,89,49.8,7.2,8.4,35299,48.2
2025/10/31,0.2,-2.9,0.9,0.8,-0.2,0.1,1.7,1.4,-1.5,0.9,-2.1,5.1,-16.9,-19.8,4.9,6.1,4.9,16.8,7.2,6.9,,-6.8,7.1982,-9.6,69017.06,-6.6,3.322094,1.715462,2.9,4.3,46291.3,412168.5,3.8,-6.6,4.4,2.8,41092,40021.5,6269.8,37.6,23.2,-8.3,-14.6,9.6,4255.2,366.8,89.4,96.7,88.5,75.9,95.5,1.5474,124.73,89,49,6.2,8.2,8178,48.1
2025/11/30,0.7,0.2,0.8,0.7,0.6,0,1.9,1.6,-2.3,0.8,-2.2,5.1,-18,-20.5,4.8,6,4.6,11.9,8.4,7.5,,-7.8,7.870174,-11.1,75129.65,-8.3,3.428998,1.822584,1.3,4,43898,456066.6,3.2,-8.3,4.1,1,37841,37683.5,6214.5,8.5,20.6,-17,-19.4,-3.8,4454.5,291.9,90.30000000000001,98.5,89,76.7,95.8,1.5268,114.18,89.1,49.2,4.9,8,24926,47.3
2025/12/31,0.8,1.1,0.8,0.6,1,-0.2,1.7,1.8,-2.6,0.9,-1.9,5.1,-18.1,-20.4,5.2,5.9,5.7,8.3,11,7.5,,-8.7,8.810137,-12.6,83936.78,-5,3.272229,1.710379,0.9,3.7,45135.9,501202.4,2.2,-5,3.8,0.7,39398.4,38428.9,6707,5.9,20.9,-11.8,-18.7,-2.2,5481.6,327.9,89.5,97.5,87.9,76.6,94.3,1.7505,107.49,89.2,50.1,3.8,8.5,22075,48.2
2026/1/31,0.2,-0.7,0.4,0.1,0.3,-0.1,1.9,1.7,-3.4,0,-1.4,5.2,-18.1,-20.4,6.3,5.9,,,,,,-8.7,8.810137,-12.6,83936.78,-5,2.346459,0.944768,0.9,3.7,,501202.4,2.2,-5,3.8,0.7,,,,5.9,20.9,-11.8,-18.7,-2.2,,,90.6,98.4,88.4,77.2,96.3,1.5891,103.84,89.3,49.3,4.9,9,72185,48.6
2026/2/28,1.3,1.7,1.3,1.6,1.1,-0.2,1.9,1.9,-0.7,2,-0.9,5.3,-27.9,-23.1,6.3,6.3,,,,,,-13.5,0.929343,-20.2,8185.83,-7.3,1.805165,0.764794,2.8,2.8,,86078.9,4.8,-7.3,2.5,2.5,,,,13,17.8,-2.2,3.3,8.8,,,91.6,100.3,89.69999999999999,76.3,98.1,1.6147,102.03,89.6,49,5.9,9,23855,45.8
2026/3/31,1,0.3,1.2,0.8,1.3,-0.2,1.6,1.9,0.9,1.1,0.5,,,,,,,,,,,,,,,,2.899,,,,,,,,,,,,,,,,,,,,,,,,,1.534,,,50.4,,,,46.7
数据来源：Wind,,,,,,,,,,,,,,,,,,,,,,,,,,,,,,,,,,,,,,,,,,,,,,,,,,,,,,,,,,,